user_id,usage_date,days_since_usage,churn_flag,engagement_level,device,usage_category,assistant_model,session_length_minutes,session_quality,prompt_length,tokens_used,satisfaction_rating,data_collection_year,data_collection_month,analysis_date,days_since_usage_OLD,churn_flag_OLD
u001,31-01-2024,734,1,Lost (>365d),Desktop,Education,GPT-5.1,7.08,Normal,14,44,5,2024,January,2026-02-03,299,1
u002,01-02-2024,733,1,Lost (>365d),Mobile,Daily Tasks,GPT-4o,13.07,Normal,32,1047,2,2024,February,2026-02-03,298,1
u003,02-02-2024,732,1,Lost (>365d),Smart Speaker,Education,GPT-4o,10.15,Normal,236,1379,4,2024,February,2026-02-03,297,1
u004,03-02-2024,731,1,Lost (>365d),Smart Speaker,Productivity,GPT-5,14.45,Normal,98,1105,1,2024,February,2026-02-03,296,1
u005,04-02-2024,730,1,Lost (>365d),Smart Speaker,Research,GPT-5.1,4.5,Normal,220,107,5,2024,February,2026-02-03,295,1
u006,05-02-2024,729,1,Lost (>365d),Smart Speaker,Coding,GPT-5.1,8.01,Normal,245,598,2,2024,February,2026-02-03,294,1
u007,06-02-2024,728,1,Lost (>365d),Desktop,Entertainment,o1,9.46,Normal,214,1387,4,2024,February,2026-02-03,293,1
u008,07-02-2024,727,1,Lost (>365d),Mobile,Research,o1,6.96,Normal,34,956,2,2024,February,2026-02-03,292,1
u009,08-02-2024,726,1,Lost (>365d),Smart Speaker,Coding,GPT-5,7.12,Normal,201,1155,2,2024,February,2026-02-03,291,1
u010,09-02-2024,725,1,Lost (>365d),Tablet,Coding,GPT-4o,12.54,Normal,108,589,5,2024,February,2026-02-03,290,1
u011,10-02-2024,724,1,Lost (>365d),Tablet,Writing,GPT-5.1,10.93,Normal,134,989,5,2024,February,2026-02-03,289,1
u012,11-02-2024,723,1,Lost (>365d),Smart Speaker,Research,Mini,5.7,Normal,56,1357,2,2024,February,2026-02-03,288,1
u013,12-02-2024,722,1,Lost (>365d),Mobile,Entertainment,GPT-4o,1.11,Normal,237,945,3,2024,February,2026-02-03,287,1
u014,13-02-2024,721,1,Lost (>365d),Desktop,Research,Mini,12.79,Normal,132,1390,3,2024,February,2026-02-03,286,1
u015,14-02-2024,720,1,Lost (>365d),Mobile,Entertainment,Mini,14.25,Normal,135,495,4,2024,February,2026-02-03,285,1
u016,15-02-2024,719,1,Lost (>365d),Tablet,Daily Tasks,GPT-4o,14.17,Normal,80,1285,3,2024,February,2026-02-03,284,1
u017,16-02-2024,718,1,Lost (>365d),Tablet,Daily Tasks,GPT-5.1,11.57,Normal,106,682,4,2024,February,2026-02-03,283,1
u018,17-02-2024,717,1,Lost (>365d),Tablet,Coding,Mini,6.72,Normal,186,360,1,2024,February,2026-02-03,282,1
u019,18-02-2024,716,1,Lost (>365d),Desktop,Education,GPT-5,7.57,Normal,214,773,2,2024,February,2026-02-03,281,1
u020,19-02-2024,715,1,Lost (>365d),Desktop,Productivity,GPT-4o,12.34,Normal,158,104,5,2024,February,2026-02-03,280,1
u021,20-02-2024,714,1,Lost (>365d),Smart Speaker,Productivity,GPT-5.1,7.54,Normal,170,884,3,2024,February,2026-02-03,279,1
u022,21-02-2024,713,1,Lost (>365d),Desktop,Entertainment,GPT-4o,7.53,Normal,142,1246,4,2024,February,2026-02-03,278,1
u023,22-02-2024,712,1,Lost (>365d),Tablet,Daily Tasks,GPT-4o,2.62,Normal,159,330,3,2024,February,2026-02-03,277,1
u024,23-02-2024,711,1,Lost (>365d),Smart Speaker,Research,GPT-5,3.63,Normal,116,1233,3,2024,February,2026-02-03,276,1
u025,24-02-2024,710,1,Lost (>365d),Smart Speaker,Daily Tasks,GPT-5.1,7.46,Normal,215,1435,2,2024,February,2026-02-03,275,1
u026,25-02-2024,709,1,Lost (>365d),Tablet,Productivity,GPT-4o,2.33,Normal,188,681,4,2024,February,2026-02-03,274,1
u027,26-02-2024,708,1,Lost (>365d),Mobile,Education,o1,9.93,Normal,85,577,2,2024,February,2026-02-03,273,1
u028,27-02-2024,707,1,Lost (>365d),Desktop,Coding,GPT-4o,11.85,Normal,176,39,5,2024,February,2026-02-03,272,1
u029,28-02-2024,706,1,Lost (>365d),Desktop,Research,o1,12.09,Normal,165,95,2,2024,February,2026-02-03,271,1
u030,29-02-2024,705,1,Lost (>365d),Tablet,Entertainment,GPT-5.1,0.27,Abandoned,141,429,1,2024,February,2026-02-03,270,1
u031,01-03-2024,704,1,Lost (>365d),Tablet,Writing,Mini,11.87,Normal,174,1311,3,2024,March,2026-02-03,269,1
u032,02-03-2024,703,1,Lost (>365d),Desktop,Education,o1,2.68,Normal,187,278,5,2024,March,2026-02-03,268,1
u033,03-03-2024,702,1,Lost (>365d),Mobile,Productivity,GPT-4o,14.36,Normal,77,671,4,2024,March,2026-02-03,267,1
u034,04-03-2024,701,1,Lost (>365d),Tablet,Education,Mini,11.74,Normal,29,55,3,2024,March,2026-02-03,266,1
u035,05-03-2024,700,1,Lost (>365d),Desktop,Daily Tasks,GPT-4o,0.42,Abandoned,150,708,5,2024,March,2026-02-03,265,1
u036,06-03-2024,699,1,Lost (>365d),Tablet,Coding,GPT-4o,7.36,Normal,100,876,4,2024,March,2026-02-03,264,1
u037,07-03-2024,698,1,Lost (>365d),Mobile,Entertainment,GPT-5,5.69,Normal,173,181,4,2024,March,2026-02-03,263,1
u038,08-03-2024,697,1,Lost (>365d),Desktop,Entertainment,GPT-5.1,8.12,Normal,9,482,1,2024,March,2026-02-03,262,1
u039,09-03-2024,696,1,Lost (>365d),Tablet,Education,GPT-5,7.94,Normal,124,1483,5,2024,March,2026-02-03,261,1
u040,10-03-2024,695,1,Lost (>365d),Mobile,Productivity,GPT-5.1,11.83,Normal,137,812,2,2024,March,2026-02-03,260,1
u041,11-03-2024,694,1,Lost (>365d),Desktop,Research,GPT-5,12.26,Normal,204,84,4,2024,March,2026-02-03,259,1
u042,12-03-2024,693,1,Lost (>365d),Smart Speaker,Entertainment,GPT-5.1,11.64,Normal,212,437,2,2024,March,2026-02-03,258,1
u043,13-03-2024,692,1,Lost (>365d),Desktop,Daily Tasks,GPT-5,3.71,Normal,189,837,5,2024,March,2026-02-03,257,1
u044,14-03-2024,691,1,Lost (>365d),Smart Speaker,Productivity,GPT-4o,8.38,Normal,142,919,2,2024,March,2026-02-03,256,1
u045,15-03-2024,690,1,Lost (>365d),Tablet,Education,o1,0.2,Abandoned,44,169,3,2024,March,2026-02-03,255,1
u046,16-03-2024,689,1,Lost (>365d),Tablet,Daily Tasks,o1,13.55,Normal,221,787,5,2024,March,2026-02-03,254,1
u047,17-03-2024,688,1,Lost (>365d),Desktop,Daily Tasks,GPT-5.1,1.64,Normal,250,394,5,2024,March,2026-02-03,253,1
u048,18-03-2024,687,1,Lost (>365d),Desktop,Daily Tasks,GPT-4o,1.48,Normal,135,292,2,2024,March,2026-02-03,252,1
u049,19-03-2024,686,1,Lost (>365d),Smart Speaker,Writing,o1,0.71,Very Short,69,375,5,2024,March,2026-02-03,251,1
u050,20-03-2024,685,1,Lost (>365d),Tablet,Entertainment,GPT-5,0.25,Abandoned,83,239,1,2024,March,2026-02-03,250,1
u051,21-03-2024,684,1,Lost (>365d),Smart Speaker,Entertainment,GPT-5.1,7.57,Normal,110,1147,2,2024,March,2026-02-03,249,1
u052,22-03-2024,683,1,Lost (>365d),Desktop,Research,GPT-5.1,1.04,Normal,173,860,5,2024,March,2026-02-03,248,1
u053,23-03-2024,682,1,Lost (>365d),Smart Speaker,Coding,Mini,3.16,Normal,75,710,2,2024,March,2026-02-03,247,1
u054,24-03-2024,681,1,Lost (>365d),Mobile,Daily Tasks,GPT-5,12.13,Normal,56,374,3,2024,March,2026-02-03,246,1
u055,25-03-2024,680,1,Lost (>365d),Tablet,Entertainment,Mini,1.26,Normal,213,1421,4,2024,March,2026-02-03,245,1
u056,26-03-2024,679,1,Lost (>365d),Mobile,Education,GPT-4o,3.8,Normal,201,448,1,2024,March,2026-02-03,244,1
u057,27-03-2024,678,1,Lost (>365d),Mobile,Research,GPT-4o,5.32,Normal,151,67,2,2024,March,2026-02-03,243,1
u058,28-03-2024,677,1,Lost (>365d),Desktop,Productivity,GPT-5.1,7.13,Normal,105,1283,1,2024,March,2026-02-03,242,1
u059,29-03-2024,676,1,Lost (>365d),Tablet,Research,GPT-4o,14.37,Normal,146,1269,2,2024,March,2026-02-03,241,1
u060,30-03-2024,675,1,Lost (>365d),Mobile,Entertainment,GPT-4o,2.62,Normal,50,987,1,2024,March,2026-02-03,240,1
u061,31-03-2024,674,1,Lost (>365d),Desktop,Coding,o1,14.57,Normal,47,717,3,2024,March,2026-02-03,239,1
u062,01-04-2024,673,1,Lost (>365d),Smart Speaker,Education,GPT-5,14.83,Normal,14,512,2,2024,April,2026-02-03,238,1
u063,02-04-2024,672,1,Lost (>365d),Mobile,Daily Tasks,GPT-5.1,3.58,Normal,6,934,4,2024,April,2026-02-03,237,1
u064,03-04-2024,671,1,Lost (>365d),Desktop,Productivity,GPT-5,1.52,Normal,229,776,5,2024,April,2026-02-03,236,1
u065,04-04-2024,670,1,Lost (>365d),Smart Speaker,Coding,o1,3.75,Normal,46,1035,2,2024,April,2026-02-03,235,1
u066,05-04-2024,669,1,Lost (>365d),Smart Speaker,Productivity,GPT-4o,13.32,Normal,238,851,3,2024,April,2026-02-03,234,1
u067,06-04-2024,668,1,Lost (>365d),Tablet,Entertainment,o1,11.08,Normal,145,432,1,2024,April,2026-02-03,233,1
u068,07-04-2024,667,1,Lost (>365d),Smart Speaker,Productivity,GPT-5,1.16,Normal,171,868,3,2024,April,2026-02-03,232,1
u069,08-04-2024,666,1,Lost (>365d),Smart Speaker,Research,GPT-4o,14.11,Normal,71,1113,1,2024,April,2026-02-03,231,1
u070,09-04-2024,665,1,Lost (>365d),Smart Speaker,Coding,GPT-5,0.81,Very Short,144,1340,1,2024,April,2026-02-03,230,1
u071,10-04-2024,664,1,Lost (>365d),Smart Speaker,Education,GPT-5,10.94,Normal,37,1226,4,2024,April,2026-02-03,229,1
u072,11-04-2024,663,1,Lost (>365d),Mobile,Productivity,Mini,5.51,Normal,164,1066,2,2024,April,2026-02-03,228,1
u073,12-04-2024,662,1,Lost (>365d),Mobile,Education,Mini,14.77,Normal,116,916,3,2024,April,2026-02-03,227,1
u074,13-04-2024,661,1,Lost (>365d),Smart Speaker,Daily Tasks,GPT-4o,5.07,Normal,83,1407,2,2024,April,2026-02-03,226,1
u075,14-04-2024,660,1,Lost (>365d),Smart Speaker,Productivity,GPT-4o,10.27,Normal,238,347,4,2024,April,2026-02-03,225,1
u076,15-04-2024,659,1,Lost (>365d),Desktop,Entertainment,o1,8.04,Normal,64,119,2,2024,April,2026-02-03,224,1
u077,16-04-2024,658,1,Lost (>365d),Desktop,Education,GPT-4o,4.14,Normal,139,498,1,2024,April,2026-02-03,223,1
u078,17-04-2024,657,1,Lost (>365d),Tablet,Writing,o1,8.04,Normal,239,1331,3,2024,April,2026-02-03,222,1
u079,18-04-2024,656,1,Lost (>365d),Tablet,Daily Tasks,GPT-4o,9.56,Normal,200,310,5,2024,April,2026-02-03,221,1
u080,19-04-2024,655,1,Lost (>365d),Desktop,Research,GPT-5.1,5.61,Normal,197,803,2,2024,April,2026-02-03,220,1
u081,20-04-2024,654,1,Lost (>365d),Smart Speaker,Coding,Mini,6.14,Normal,61,1218,5,2024,April,2026-02-03,219,1
u082,21-04-2024,653,1,Lost (>365d),Tablet,Education,o1,13.42,Normal,174,1222,4,2024,April,2026-02-03,218,1
u083,22-04-2024,652,1,Lost (>365d),Tablet,Writing,o1,9.68,Normal,66,426,4,2024,April,2026-02-03,217,1
u084,23-04-2024,651,1,Lost (>365d),Smart Speaker,Coding,GPT-5.1,0.63,Very Short,99,603,4,2024,April,2026-02-03,216,1
u085,24-04-2024,650,1,Lost (>365d),Mobile,Entertainment,GPT-4o,4.48,Normal,233,1182,1,2024,April,2026-02-03,215,1
u086,25-04-2024,649,1,Lost (>365d),Desktop,Research,GPT-5,10.72,Normal,171,658,5,2024,April,2026-02-03,214,1
u087,26-04-2024,648,1,Lost (>365d),Desktop,Education,o1,14.07,Normal,54,1337,3,2024,April,2026-02-03,213,1
u088,27-04-2024,647,1,Lost (>365d),Tablet,Coding,Mini,14.96,Normal,174,341,5,2024,April,2026-02-03,212,1
u089,28-04-2024,646,1,Lost (>365d),Desktop,Research,Mini,5.1,Normal,18,944,3,2024,April,2026-02-03,211,1
u090,29-04-2024,645,1,Lost (>365d),Tablet,Daily Tasks,Mini,3.53,Normal,221,759,2,2024,April,2026-02-03,210,1
u091,30-04-2024,644,1,Lost (>365d),Desktop,Productivity,GPT-5,2.01,Normal,222,910,2,2024,April,2026-02-03,209,1
u092,01-05-2024,643,1,Lost (>365d),Mobile,Productivity,GPT-5,4.87,Normal,97,1076,4,2024,May,2026-02-03,208,1
u093,02-05-2024,642,1,Lost (>365d),Desktop,Productivity,o1,6.85,Normal,121,330,3,2024,May,2026-02-03,207,1
u094,03-05-2024,641,1,Lost (>365d),Smart Speaker,Education,GPT-5,9.85,Normal,54,242,2,2024,May,2026-02-03,206,1
u095,04-05-2024,640,1,Lost (>365d),Mobile,Daily Tasks,GPT-5,7.13,Normal,34,1434,1,2024,May,2026-02-03,205,1
u096,05-05-2024,639,1,Lost (>365d),Smart Speaker,Entertainment,GPT-4o,6.21,Normal,67,671,5,2024,May,2026-02-03,204,1
u097,06-05-2024,638,1,Lost (>365d),Tablet,Research,GPT-4o,2.15,Normal,215,374,2,2024,May,2026-02-03,203,1
u098,07-05-2024,637,1,Lost (>365d),Tablet,Daily Tasks,GPT-5.1,10.42,Normal,105,913,1,2024,May,2026-02-03,202,1
u099,08-05-2024,636,1,Lost (>365d),Mobile,Entertainment,Mini,10.71,Normal,103,536,4,2024,May,2026-02-03,201,1
u100,09-05-2024,635,1,Lost (>365d),Tablet,Education,o1,6.8,Normal,243,750,3,2024,May,2026-02-03,200,1
u101,10-05-2024,634,1,Lost (>365d),Mobile,Research,GPT-5.1,11.66,Normal,162,1345,2,2024,May,2026-02-03,199,1
u102,11-05-2024,633,1,Lost (>365d),Mobile,Daily Tasks,Mini,11.1,Normal,108,1232,1,2024,May,2026-02-03,198,1
u103,12-05-2024,632,1,Lost (>365d),Desktop,Research,Mini,12.4,Normal,190,1283,2,2024,May,2026-02-03,197,1
u104,13-05-2024,631,1,Lost (>365d),Mobile,Entertainment,GPT-5.1,11.46,Normal,109,555,4,2024,May,2026-02-03,196,1
u105,14-05-2024,630,1,Lost (>365d),Mobile,Writing,GPT-4o,0.85,Very Short,36,100,4,2024,May,2026-02-03,195,1
u106,15-05-2024,629,1,Lost (>365d),Mobile,Daily Tasks,GPT-5.1,12.39,Normal,46,1411,4,2024,May,2026-02-03,194,1
u107,16-05-2024,628,1,Lost (>365d),Desktop,Education,GPT-5.1,6.55,Normal,226,1153,5,2024,May,2026-02-03,193,1
u108,17-05-2024,627,1,Lost (>365d),Desktop,Daily Tasks,GPT-5,4.3,Normal,179,747,5,2024,May,2026-02-03,192,1
u109,18-05-2024,626,1,Lost (>365d),Tablet,Writing,Mini,5.58,Normal,174,1400,3,2024,May,2026-02-03,191,1
u110,19-05-2024,625,1,Lost (>365d),Tablet,Writing,o1,1.63,Normal,242,1305,4,2024,May,2026-02-03,190,1
u111,20-05-2024,624,1,Lost (>365d),Tablet,Coding,GPT-5.1,7.12,Normal,9,107,3,2024,May,2026-02-03,189,1
u112,21-05-2024,623,1,Lost (>365d),Mobile,Education,o1,6.97,Normal,228,89,3,2024,May,2026-02-03,188,1
u113,22-05-2024,622,1,Lost (>365d),Tablet,Writing,o1,1.82,Normal,187,445,5,2024,May,2026-02-03,187,1
u114,23-05-2024,621,1,Lost (>365d),Tablet,Research,GPT-4o,9.29,Normal,20,1500,2,2024,May,2026-02-03,186,1
u115,24-05-2024,620,1,Lost (>365d),Desktop,Productivity,Mini,4.93,Normal,104,352,1,2024,May,2026-02-03,185,1
u116,25-05-2024,619,1,Lost (>365d),Desktop,Coding,GPT-4o,8.14,Normal,76,1064,5,2024,May,2026-02-03,184,1
u117,26-05-2024,618,1,Lost (>365d),Tablet,Entertainment,GPT-4o,9.98,Normal,6,513,1,2024,May,2026-02-03,183,1
u118,27-05-2024,617,1,Lost (>365d),Smart Speaker,Writing,GPT-5.1,4.09,Normal,247,276,5,2024,May,2026-02-03,182,1
u119,28-05-2024,616,1,Lost (>365d),Mobile,Writing,o1,13.38,Normal,147,1142,1,2024,May,2026-02-03,181,1
u120,29-05-2024,615,1,Lost (>365d),Smart Speaker,Productivity,GPT-5,9.45,Normal,33,775,3,2024,May,2026-02-03,180,1
u121,30-05-2024,614,1,Lost (>365d),Smart Speaker,Education,o1,7.46,Normal,113,1456,5,2024,May,2026-02-03,179,1
u122,31-05-2024,613,1,Lost (>365d),Tablet,Daily Tasks,GPT-4o,8.83,Normal,55,882,2,2024,May,2026-02-03,178,1
u123,01-06-2024,612,1,Lost (>365d),Smart Speaker,Research,Mini,14.82,Normal,188,1151,2,2024,June,2026-02-03,177,1
u124,02-06-2024,611,1,Lost (>365d),Desktop,Entertainment,o1,3.9,Normal,226,327,4,2024,June,2026-02-03,176,1
u125,03-06-2024,610,1,Lost (>365d),Smart Speaker,Education,GPT-5.1,13.67,Normal,210,188,3,2024,June,2026-02-03,175,1
u126,04-06-2024,609,1,Lost (>365d),Smart Speaker,Productivity,GPT-4o,10.36,Normal,248,445,4,2024,June,2026-02-03,174,1
u127,05-06-2024,608,1,Lost (>365d),Smart Speaker,Coding,GPT-5,5.42,Normal,63,473,1,2024,June,2026-02-03,173,1
u128,06-06-2024,607,1,Lost (>365d),Smart Speaker,Education,Mini,9.99,Normal,48,105,3,2024,June,2026-02-03,172,1
u129,07-06-2024,606,1,Lost (>365d),Tablet,Productivity,GPT-4o,1.07,Normal,66,752,4,2024,June,2026-02-03,171,1
u130,08-06-2024,605,1,Lost (>365d),Tablet,Research,GPT-4o,12.48,Normal,178,267,1,2024,June,2026-02-03,170,1
u131,09-06-2024,604,1,Lost (>365d),Smart Speaker,Education,GPT-5.1,7.81,Normal,239,401,1,2024,June,2026-02-03,169,1
u132,10-06-2024,603,1,Lost (>365d),Smart Speaker,Research,Mini,5.27,Normal,119,1240,5,2024,June,2026-02-03,168,1
u133,11-06-2024,602,1,Lost (>365d),Desktop,Education,GPT-4o,12.25,Normal,79,930,3,2024,June,2026-02-03,167,1
u134,12-06-2024,601,1,Lost (>365d),Desktop,Research,Mini,1.22,Normal,184,80,2,2024,June,2026-02-03,166,1
u135,13-06-2024,600,1,Lost (>365d),Smart Speaker,Coding,GPT-5.1,12.71,Normal,161,1003,5,2024,June,2026-02-03,165,1
u136,14-06-2024,599,1,Lost (>365d),Desktop,Education,GPT-4o,3.27,Normal,110,363,1,2024,June,2026-02-03,164,1
u137,15-06-2024,598,1,Lost (>365d),Smart Speaker,Research,Mini,8.6,Normal,214,1048,4,2024,June,2026-02-03,163,1
u138,16-06-2024,597,1,Lost (>365d),Desktop,Coding,GPT-5.1,12.87,Normal,210,959,5,2024,June,2026-02-03,162,1
u139,17-06-2024,596,1,Lost (>365d),Mobile,Education,o1,11.51,Normal,238,776,4,2024,June,2026-02-03,161,1
u140,18-06-2024,595,1,Lost (>365d),Desktop,Entertainment,GPT-4o,3.85,Normal,23,354,1,2024,June,2026-02-03,160,1
u141,19-06-2024,594,1,Lost (>365d),Tablet,Productivity,GPT-4o,9.92,Normal,7,1087,2,2024,June,2026-02-03,159,1
u142,20-06-2024,593,1,Lost (>365d),Desktop,Writing,GPT-5,4.15,Normal,82,870,1,2024,June,2026-02-03,158,1
u143,21-06-2024,592,1,Lost (>365d),Mobile,Research,GPT-5,12.78,Normal,163,234,5,2024,June,2026-02-03,157,1
u144,22-06-2024,591,1,Lost (>365d),Smart Speaker,Writing,Mini,0.33,Abandoned,49,1273,4,2024,June,2026-02-03,156,1
u145,23-06-2024,590,1,Lost (>365d),Tablet,Entertainment,GPT-4o,3.64,Normal,138,849,5,2024,June,2026-02-03,155,1
u146,24-06-2024,589,1,Lost (>365d),Mobile,Writing,GPT-5,11.94,Normal,239,125,1,2024,June,2026-02-03,154,1
u147,25-06-2024,588,1,Lost (>365d),Desktop,Coding,GPT-5,7.62,Normal,125,930,3,2024,June,2026-02-03,153,1
u148,26-06-2024,587,1,Lost (>365d),Mobile,Education,GPT-4o,7.21,Normal,198,864,5,2024,June,2026-02-03,152,1
u149,27-06-2024,586,1,Lost (>365d),Mobile,Research,o1,1.59,Normal,200,1095,2,2024,June,2026-02-03,151,1
u150,28-06-2024,585,1,Lost (>365d),Tablet,Coding,GPT-5,3.84,Normal,122,298,3,2024,June,2026-02-03,150,1
u151,29-06-2024,584,1,Lost (>365d),Mobile,Research,GPT-5.1,7.14,Normal,134,1272,5,2024,June,2026-02-03,149,1
u152,30-06-2024,583,1,Lost (>365d),Tablet,Education,GPT-5,1.16,Normal,137,770,4,2024,June,2026-02-03,148,1
u153,01-07-2024,582,1,Lost (>365d),Desktop,Research,o1,2.26,Normal,108,53,5,2024,July,2026-02-03,147,1
u154,02-07-2024,581,1,Lost (>365d),Tablet,Productivity,GPT-4o,11.89,Normal,187,990,5,2024,July,2026-02-03,146,1
u155,03-07-2024,580,1,Lost (>365d),Desktop,Entertainment,GPT-5.1,1.77,Normal,155,1482,2,2024,July,2026-02-03,145,1
u156,04-07-2024,579,1,Lost (>365d),Smart Speaker,Productivity,GPT-5,9.5,Normal,193,958,5,2024,July,2026-02-03,144,1
u157,05-07-2024,578,1,Lost (>365d),Smart Speaker,Daily Tasks,GPT-5.1,7.22,Normal,172,431,3,2024,July,2026-02-03,143,1
u158,06-07-2024,577,1,Lost (>365d),Tablet,Productivity,Mini,5.51,Normal,109,1356,4,2024,July,2026-02-03,142,1
u159,07-07-2024,576,1,Lost (>365d),Smart Speaker,Coding,Mini,1.98,Normal,248,250,3,2024,July,2026-02-03,141,1
u160,08-07-2024,575,1,Lost (>365d),Tablet,Writing,GPT-4o,6.72,Normal,162,792,2,2024,July,2026-02-03,140,1
u161,09-07-2024,574,1,Lost (>365d),Mobile,Writing,o1,8.11,Normal,119,1301,3,2024,July,2026-02-03,139,1
u162,10-07-2024,573,1,Lost (>365d),Desktop,Productivity,GPT-4o,1.47,Normal,221,781,3,2024,July,2026-02-03,138,1
u163,11-07-2024,572,1,Lost (>365d),Smart Speaker,Research,o1,0.65,Very Short,179,631,5,2024,July,2026-02-03,137,1
u164,12-07-2024,571,1,Lost (>365d),Desktop,Productivity,Mini,5.52,Normal,46,905,4,2024,July,2026-02-03,136,1
u165,13-07-2024,570,1,Lost (>365d),Smart Speaker,Education,Mini,3.68,Normal,87,85,4,2024,July,2026-02-03,135,1
u166,14-07-2024,569,1,Lost (>365d),Mobile,Education,o1,7.63,Normal,200,716,1,2024,July,2026-02-03,134,1
u167,15-07-2024,568,1,Lost (>365d),Desktop,Coding,Mini,6.93,Normal,117,1207,1,2024,July,2026-02-03,133,1
u168,16-07-2024,567,1,Lost (>365d),Desktop,Productivity,GPT-5,14.99,Normal,243,523,1,2024,July,2026-02-03,132,1
u169,17-07-2024,566,1,Lost (>365d),Tablet,Coding,GPT-5,10.37,Normal,66,1307,5,2024,July,2026-02-03,131,1
u170,18-07-2024,565,1,Lost (>365d),Desktop,Research,GPT-5.1,5.85,Normal,110,508,4,2024,July,2026-02-03,130,1
u171,19-07-2024,564,1,Lost (>365d),Tablet,Writing,GPT-5,11.55,Normal,26,871,1,2024,July,2026-02-03,129,1
u172,20-07-2024,563,1,Lost (>365d),Tablet,Productivity,GPT-4o,11.44,Normal,168,724,2,2024,July,2026-02-03,128,1
u173,21-07-2024,562,1,Lost (>365d),Tablet,Education,GPT-5.1,14.35,Normal,94,804,2,2024,July,2026-02-03,127,1
u174,22-07-2024,561,1,Lost (>365d),Mobile,Writing,GPT-5.1,14.2,Normal,44,1009,3,2024,July,2026-02-03,126,1
u175,23-07-2024,560,1,Lost (>365d),Smart Speaker,Writing,GPT-4o,9.46,Normal,137,1467,3,2024,July,2026-02-03,125,1
u176,24-07-2024,559,1,Lost (>365d),Desktop,Daily Tasks,GPT-5,5.17,Normal,60,1111,3,2024,July,2026-02-03,124,1
u177,25-07-2024,558,1,Lost (>365d),Smart Speaker,Writing,GPT-4o,11.45,Normal,250,52,4,2024,July,2026-02-03,123,1
u178,26-07-2024,557,1,Lost (>365d),Smart Speaker,Productivity,Mini,3.09,Normal,174,1055,3,2024,July,2026-02-03,122,1
u179,27-07-2024,556,1,Lost (>365d),Desktop,Education,o1,11.34,Normal,33,980,4,2024,July,2026-02-03,121,1
u180,28-07-2024,555,1,Lost (>365d),Mobile,Daily Tasks,GPT-5.1,7.08,Normal,45,243,5,2024,July,2026-02-03,120,1
u181,29-07-2024,554,1,Lost (>365d),Mobile,Writing,GPT-5,2.82,Normal,88,300,1,2024,July,2026-02-03,119,1
u182,30-07-2024,553,1,Lost (>365d),Smart Speaker,Education,GPT-4o,4.28,Normal,103,309,5,2024,July,2026-02-03,118,1
u183,31-07-2024,552,1,Lost (>365d),Smart Speaker,Writing,Mini,1.05,Normal,85,1240,5,2024,July,2026-02-03,117,1
u184,01-08-2024,551,1,Lost (>365d),Desktop,Education,GPT-4o,14.87,Normal,52,1423,5,2024,August,2026-02-03,116,1
u185,02-08-2024,550,1,Lost (>365d),Tablet,Productivity,o1,5.52,Normal,226,49,2,2024,August,2026-02-03,115,1
u186,03-08-2024,549,1,Lost (>365d),Desktop,Coding,GPT-5.1,7.14,Normal,191,77,5,2024,August,2026-02-03,114,1
u187,04-08-2024,548,1,Lost (>365d),Mobile,Daily Tasks,GPT-5,4.96,Normal,153,507,3,2024,August,2026-02-03,113,1
u188,05-08-2024,547,1,Lost (>365d),Tablet,Entertainment,GPT-5.1,2.21,Normal,153,1270,1,2024,August,2026-02-03,112,1
u189,06-08-2024,546,1,Lost (>365d),Desktop,Coding,Mini,13.53,Normal,165,1138,1,2024,August,2026-02-03,111,1
u190,07-08-2024,545,1,Lost (>365d),Desktop,Writing,Mini,10.45,Normal,230,714,3,2024,August,2026-02-03,110,1
u191,08-08-2024,544,1,Lost (>365d),Smart Speaker,Productivity,o1,8.19,Normal,159,731,5,2024,August,2026-02-03,109,1
u192,09-08-2024,543,1,Lost (>365d),Smart Speaker,Productivity,GPT-4o,11.99,Normal,158,1495,2,2024,August,2026-02-03,108,1
u193,10-08-2024,542,1,Lost (>365d),Desktop,Education,GPT-4o,8.82,Normal,155,284,2,2024,August,2026-02-03,107,1
u194,11-08-2024,541,1,Lost (>365d),Mobile,Education,GPT-4o,1.46,Normal,16,1119,3,2024,August,2026-02-03,106,1
u195,12-08-2024,540,1,Lost (>365d),Smart Speaker,Entertainment,GPT-5,13.73,Normal,6,601,3,2024,August,2026-02-03,105,1
u196,13-08-2024,539,1,Lost (>365d),Desktop,Writing,Mini,0.65,Very Short,111,1364,3,2024,August,2026-02-03,104,1
u197,14-08-2024,538,1,Lost (>365d),Tablet,Writing,GPT-5,5.71,Normal,218,772,3,2024,August,2026-02-03,103,1
u198,15-08-2024,537,1,Lost (>365d),Smart Speaker,Entertainment,Mini,8.08,Normal,120,115,1,2024,August,2026-02-03,102,1
u199,16-08-2024,536,1,Lost (>365d),Smart Speaker,Research,GPT-4o,13.93,Normal,73,735,2,2024,August,2026-02-03,101,1
u200,17-08-2024,535,1,Lost (>365d),Mobile,Daily Tasks,Mini,9.0,Normal,166,321,4,2024,August,2026-02-03,100,1
u201,18-08-2024,534,1,Lost (>365d),Mobile,Coding,Mini,12.85,Normal,92,1115,3,2024,August,2026-02-03,99,1
u202,19-08-2024,533,1,Lost (>365d),Tablet,Research,Mini,3.12,Normal,133,1485,3,2024,August,2026-02-03,98,1
u203,20-08-2024,532,1,Lost (>365d),Smart Speaker,Research,GPT-5,1.03,Normal,212,1015,1,2024,August,2026-02-03,97,1
u204,21-08-2024,531,1,Lost (>365d),Smart Speaker,Productivity,o1,9.25,Normal,217,831,4,2024,August,2026-02-03,96,1
u205,22-08-2024,530,1,Lost (>365d),Desktop,Writing,GPT-4o,1.01,Normal,131,487,4,2024,August,2026-02-03,95,1
u206,23-08-2024,529,1,Lost (>365d),Desktop,Entertainment,Mini,1.55,Normal,155,1394,5,2024,August,2026-02-03,94,1
u207,24-08-2024,528,1,Lost (>365d),Smart Speaker,Education,o1,8.94,Normal,159,1176,5,2024,August,2026-02-03,93,1
u208,25-08-2024,527,1,Lost (>365d),Mobile,Education,GPT-4o,8.65,Normal,26,32,4,2024,August,2026-02-03,92,1
u209,26-08-2024,526,1,Lost (>365d),Mobile,Education,Mini,4.82,Normal,22,938,1,2024,August,2026-02-03,91,1
u210,27-08-2024,525,1,Lost (>365d),Desktop,Research,o1,0.25,Abandoned,197,1200,5,2024,August,2026-02-03,90,1
u211,28-08-2024,524,1,Lost (>365d),Desktop,Education,o1,7.97,Normal,250,1020,5,2024,August,2026-02-03,89,1
u212,29-08-2024,523,1,Lost (>365d),Mobile,Writing,GPT-5,14.32,Normal,99,1475,1,2024,August,2026-02-03,88,1
u213,30-08-2024,522,1,Lost (>365d),Mobile,Writing,o1,10.13,Normal,154,32,1,2024,August,2026-02-03,87,1
u214,31-08-2024,521,1,Lost (>365d),Smart Speaker,Daily Tasks,GPT-4o,11.83,Normal,16,389,2,2024,August,2026-02-03,86,1
u215,01-09-2024,520,1,Lost (>365d),Mobile,Education,Mini,2.84,Normal,100,410,4,2024,September,2026-02-03,85,1
u216,02-09-2024,519,1,Lost (>365d),Tablet,Daily Tasks,GPT-5.1,11.5,Normal,206,587,5,2024,September,2026-02-03,84,1
u217,03-09-2024,518,1,Lost (>365d),Desktop,Research,o1,9.41,Normal,57,140,3,2024,September,2026-02-03,83,1
u218,04-09-2024,517,1,Lost (>365d),Tablet,Entertainment,GPT-4o,6.62,Normal,30,577,3,2024,September,2026-02-03,82,1
u219,05-09-2024,516,1,Lost (>365d),Mobile,Writing,GPT-4o,6.97,Normal,66,1417,5,2024,September,2026-02-03,81,1
u220,06-09-2024,515,1,Lost (>365d),Desktop,Entertainment,GPT-4o,10.25,Normal,43,430,1,2024,September,2026-02-03,80,1
u221,07-09-2024,514,1,Lost (>365d),Smart Speaker,Writing,o1,7.32,Normal,48,223,3,2024,September,2026-02-03,79,1
u222,08-09-2024,513,1,Lost (>365d),Mobile,Entertainment,GPT-5.1,9.1,Normal,72,1105,3,2024,September,2026-02-03,78,1
u223,09-09-2024,512,1,Lost (>365d),Desktop,Writing,Mini,0.75,Very Short,188,241,2,2024,September,2026-02-03,77,1
u224,10-09-2024,511,1,Lost (>365d),Mobile,Writing,o1,6.24,Normal,142,1366,2,2024,September,2026-02-03,76,1
u225,11-09-2024,510,1,Lost (>365d),Desktop,Writing,GPT-4o,2.5,Normal,201,93,3,2024,September,2026-02-03,75,1
u226,12-09-2024,509,1,Lost (>365d),Desktop,Productivity,Mini,0.28,Abandoned,196,360,3,2024,September,2026-02-03,74,1
u227,13-09-2024,508,1,Lost (>365d),Tablet,Entertainment,GPT-5.1,11.96,Normal,203,391,3,2024,September,2026-02-03,73,1
u228,14-09-2024,507,1,Lost (>365d),Desktop,Coding,GPT-4o,13.43,Normal,67,1474,5,2024,September,2026-02-03,72,1
u229,15-09-2024,506,1,Lost (>365d),Desktop,Research,GPT-5,7.79,Normal,45,759,2,2024,September,2026-02-03,71,1
u230,16-09-2024,505,1,Lost (>365d),Mobile,Coding,o1,12.42,Normal,89,245,1,2024,September,2026-02-03,70,1
u231,17-09-2024,504,1,Lost (>365d),Desktop,Writing,o1,2.5,Normal,245,1265,2,2024,September,2026-02-03,69,1
u232,18-09-2024,503,1,Lost (>365d),Smart Speaker,Education,o1,7.75,Normal,135,1252,1,2024,September,2026-02-03,68,1
u233,19-09-2024,502,1,Lost (>365d),Mobile,Education,GPT-5.1,7.43,Normal,111,605,2,2024,September,2026-02-03,67,1
u234,20-09-2024,501,1,Lost (>365d),Mobile,Productivity,o1,10.4,Normal,44,147,3,2024,September,2026-02-03,66,1
u235,21-09-2024,500,1,Lost (>365d),Smart Speaker,Productivity,o1,7.94,Normal,28,1315,4,2024,September,2026-02-03,65,1
u236,22-09-2024,499,1,Lost (>365d),Smart Speaker,Writing,GPT-4o,9.38,Normal,39,520,2,2024,September,2026-02-03,64,1
u237,23-09-2024,498,1,Lost (>365d),Desktop,Entertainment,GPT-4o,4.42,Normal,76,1287,3,2024,September,2026-02-03,63,1
u238,24-09-2024,497,1,Lost (>365d),Mobile,Writing,Mini,8.53,Normal,103,1389,2,2024,September,2026-02-03,62,1
u239,25-09-2024,496,1,Lost (>365d),Smart Speaker,Productivity,GPT-5,5.58,Normal,146,152,5,2024,September,2026-02-03,61,1
u240,26-09-2024,495,1,Lost (>365d),Tablet,Education,GPT-5,10.97,Normal,135,1235,5,2024,September,2026-02-03,60,1
u241,27-09-2024,494,1,Lost (>365d),Mobile,Education,GPT-5,4.46,Normal,166,815,1,2024,September,2026-02-03,59,1
u242,28-09-2024,493,1,Lost (>365d),Smart Speaker,Daily Tasks,o1,7.24,Normal,244,682,4,2024,September,2026-02-03,58,1
u243,29-09-2024,492,1,Lost (>365d),Tablet,Coding,GPT-4o,3.14,Normal,127,742,4,2024,September,2026-02-03,57,1
u244,30-09-2024,491,1,Lost (>365d),Desktop,Daily Tasks,GPT-5.1,0.8,Very Short,29,1049,2,2024,September,2026-02-03,56,1
u245,01-10-2024,490,1,Lost (>365d),Mobile,Entertainment,Mini,9.72,Normal,198,930,3,2024,October,2026-02-03,55,1
u246,02-10-2024,489,1,Lost (>365d),Mobile,Productivity,GPT-5,13.15,Normal,77,1011,3,2024,October,2026-02-03,54,1
u247,03-10-2024,488,1,Lost (>365d),Mobile,Coding,GPT-5,10.08,Normal,90,1077,4,2024,October,2026-02-03,53,1
u248,04-10-2024,487,1,Lost (>365d),Smart Speaker,Productivity,GPT-5.1,9.12,Normal,113,860,4,2024,October,2026-02-03,52,1
u249,05-10-2024,486,1,Lost (>365d),Tablet,Coding,GPT-4o,1.21,Normal,119,530,4,2024,October,2026-02-03,51,1
u250,06-10-2024,485,1,Lost (>365d),Desktop,Research,Mini,13.63,Normal,193,296,1,2024,October,2026-02-03,50,1
u251,07-10-2024,484,1,Lost (>365d),Mobile,Productivity,Mini,13.34,Normal,164,1096,5,2024,October,2026-02-03,49,1
u252,08-10-2024,483,1,Lost (>365d),Desktop,Education,GPT-5,12.25,Normal,92,921,5,2024,October,2026-02-03,48,1
u253,09-10-2024,482,1,Lost (>365d),Desktop,Daily Tasks,GPT-5,4.3,Normal,172,650,3,2024,October,2026-02-03,47,1
u254,10-10-2024,481,1,Lost (>365d),Smart Speaker,Coding,o1,14.98,Normal,39,481,3,2024,October,2026-02-03,46,1
u255,11-10-2024,480,1,Lost (>365d),Smart Speaker,Coding,GPT-5.1,6.76,Normal,79,1118,2,2024,October,2026-02-03,45,1
u256,12-10-2024,479,1,Lost (>365d),Mobile,Education,GPT-4o,11.58,Normal,158,1312,1,2024,October,2026-02-03,44,1
u257,13-10-2024,478,1,Lost (>365d),Desktop,Entertainment,o1,2.4,Normal,118,1231,1,2024,October,2026-02-03,43,1
u258,14-10-2024,477,1,Lost (>365d),Tablet,Entertainment,GPT-5,13.55,Normal,86,32,4,2024,October,2026-02-03,42,1
u259,15-10-2024,476,1,Lost (>365d),Tablet,Daily Tasks,GPT-5.1,14.56,Normal,24,1410,3,2024,October,2026-02-03,41,1
u260,16-10-2024,475,1,Lost (>365d),Mobile,Daily Tasks,Mini,14.55,Normal,43,1112,1,2024,October,2026-02-03,40,1
u261,17-10-2024,474,1,Lost (>365d),Mobile,Education,Mini,2.33,Normal,173,1095,2,2024,October,2026-02-03,39,1
u262,18-10-2024,473,1,Lost (>365d),Tablet,Productivity,GPT-5,11.95,Normal,30,994,1,2024,October,2026-02-03,38,1
u263,19-10-2024,472,1,Lost (>365d),Desktop,Education,Mini,14.05,Normal,188,882,2,2024,October,2026-02-03,37,1
u264,20-10-2024,471,1,Lost (>365d),Smart Speaker,Entertainment,GPT-4o,8.39,Normal,163,1273,1,2024,October,2026-02-03,36,1
u265,21-10-2024,470,1,Lost (>365d),Mobile,Research,GPT-4o,8.24,Normal,199,1426,5,2024,October,2026-02-03,35,1
u266,22-10-2024,469,1,Lost (>365d),Tablet,Education,o1,4.12,Normal,69,1321,5,2024,October,2026-02-03,34,1
u267,23-10-2024,468,1,Lost (>365d),Desktop,Writing,o1,7.84,Normal,125,202,3,2024,October,2026-02-03,33,1
u268,24-10-2024,467,1,Lost (>365d),Desktop,Writing,o1,3.67,Normal,28,298,1,2024,October,2026-02-03,32,1
u269,25-10-2024,466,1,Lost (>365d),Desktop,Writing,GPT-4o,7.24,Normal,245,1298,1,2024,October,2026-02-03,31,1
u270,26-10-2024,465,1,Lost (>365d),Mobile,Entertainment,GPT-4o,10.17,Normal,235,482,1,2024,October,2026-02-03,30,1
u271,27-10-2024,464,1,Lost (>365d),Mobile,Research,GPT-4o,2.18,Normal,7,280,1,2024,October,2026-02-03,29,0
u272,28-10-2024,463,1,Lost (>365d),Tablet,Writing,GPT-5,12.08,Normal,243,724,4,2024,October,2026-02-03,28,0
u273,29-10-2024,462,1,Lost (>365d),Smart Speaker,Entertainment,GPT-4o,3.83,Normal,183,955,2,2024,October,2026-02-03,27,0
u274,30-10-2024,461,1,Lost (>365d),Desktop,Coding,Mini,14.93,Normal,160,985,4,2024,October,2026-02-03,26,0
u275,31-10-2024,460,1,Lost (>365d),Tablet,Entertainment,GPT-5.1,8.26,Normal,5,312,1,2024,October,2026-02-03,25,0
u276,01-11-2024,459,1,Lost (>365d),Desktop,Productivity,GPT-4o,12.45,Normal,174,364,3,2024,November,2026-02-03,24,0
u277,02-11-2024,458,1,Lost (>365d),Smart Speaker,Daily Tasks,o1,7.08,Normal,58,1407,1,2024,November,2026-02-03,23,0
u278,03-11-2024,457,1,Lost (>365d),Smart Speaker,Research,GPT-5.1,6.44,Normal,239,1084,2,2024,November,2026-02-03,22,0
u279,04-11-2024,456,1,Lost (>365d),Tablet,Coding,o1,12.51,Normal,123,679,1,2024,November,2026-02-03,21,0
u280,05-11-2024,455,1,Lost (>365d),Smart Speaker,Research,GPT-4o,4.92,Normal,212,1020,1,2024,November,2026-02-03,20,0
u281,06-11-2024,454,1,Lost (>365d),Tablet,Education,o1,6.22,Normal,145,770,3,2024,November,2026-02-03,19,0
u282,07-11-2024,453,1,Lost (>365d),Mobile,Writing,o1,0.8,Very Short,16,907,1,2024,November,2026-02-03,18,0
u283,08-11-2024,452,1,Lost (>365d),Smart Speaker,Education,GPT-4o,12.99,Normal,52,836,3,2024,November,2026-02-03,17,0
u284,09-11-2024,451,1,Lost (>365d),Desktop,Entertainment,Mini,11.15,Normal,67,778,3,2024,November,2026-02-03,16,0
u285,10-11-2024,450,1,Lost (>365d),Tablet,Education,GPT-5,7.58,Normal,145,533,1,2024,November,2026-02-03,15,0
u286,11-11-2024,449,1,Lost (>365d),Smart Speaker,Writing,GPT-5.1,14.67,Normal,155,1316,2,2024,November,2026-02-03,14,0
u287,12-11-2024,448,1,Lost (>365d),Smart Speaker,Writing,GPT-5,14.98,Normal,95,1222,5,2024,November,2026-02-03,13,0
u288,13-11-2024,447,1,Lost (>365d),Smart Speaker,Writing,GPT-5,8.71,Normal,210,356,5,2024,November,2026-02-03,12,0
u289,14-11-2024,446,1,Lost (>365d),Mobile,Daily Tasks,GPT-5,11.19,Normal,248,421,1,2024,November,2026-02-03,11,0
u290,15-11-2024,445,1,Lost (>365d),Smart Speaker,Productivity,GPT-5.1,14.95,Normal,129,286,2,2024,November,2026-02-03,10,0
u291,16-11-2024,444,1,Lost (>365d),Smart Speaker,Writing,o1,2.46,Normal,28,1399,4,2024,November,2026-02-03,9,0
u292,17-11-2024,443,1,Lost (>365d),Smart Speaker,Productivity,Mini,12.75,Normal,109,1374,1,2024,November,2026-02-03,8,0
u293,18-11-2024,442,1,Lost (>365d),Smart Speaker,Writing,GPT-5,14.4,Normal,11,807,4,2024,November,2026-02-03,7,0
u294,19-11-2024,441,1,Lost (>365d),Mobile,Research,o1,8.52,Normal,51,229,4,2024,November,2026-02-03,6,0
u295,20-11-2024,440,1,Lost (>365d),Desktop,Research,GPT-5.1,4.82,Normal,97,373,2,2024,November,2026-02-03,5,0
u296,21-11-2024,439,1,Lost (>365d),Tablet,Education,GPT-4o,5.02,Normal,16,413,5,2024,November,2026-02-03,4,0
u297,22-11-2024,438,1,Lost (>365d),Smart Speaker,Productivity,GPT-4o,13.49,Normal,28,1493,3,2024,November,2026-02-03,3,0
u298,23-11-2024,437,1,Lost (>365d),Tablet,Productivity,Mini,3.91,Normal,112,873,4,2024,November,2026-02-03,2,0
u299,24-11-2024,436,1,Lost (>365d),Smart Speaker,Daily Tasks,o1,1.61,Normal,105,468,4,2024,November,2026-02-03,1,0
u300,25-11-2024,435,1,Lost (>365d),Mobile,Coding,GPT-4o,8.69,Normal,68,301,4,2024,November,2026-02-03,0,0
